Submission id,Participant id,Status,Custom study tncs accepted at,Started at,Completed at,Reviewed at,Archived at,Time taken,Completion code,Total approvals,Highest education level completed,Age,Sex,Ethnicity simplified,Country of birth,Country of residence,Nationality,Language,Student status,Employment status
65eb22918dd7dad3b69bf52c,5d801d303f019e001804c468,AWAITING REVIEW,Not Applicable,2024-03-08T14:37:23.124000Z,2024-03-08T14:45:59.089000Z,,2024-03-08T14:45:59.712100Z,516,C21PHUAV,362,Undergraduate degree (BA/BSc/other),28,Female,White,Ireland,Ireland,Ireland,English,Yes,Other
65eb22a8edf08f40789933c3,6568a71084a6f597c4f0e887,AWAITING REVIEW,Not Applicable,2024-03-08T14:37:28.407000Z,2024-03-08T14:38:46.197000Z,,2024-03-08T14:38:46.731039Z,78,C21PHUAV,70,Undergraduate degree (BA/BSc/other),27,Female,Other,Turkey,Australia,Turkey,Turkish,Yes,Part-Time
65eb22bce04c0cede778a562,5ae781e5efcc690001ebf022,AWAITING REVIEW,Not Applicable,2024-03-08T14:37:58.253000Z,2024-03-08T14:51:08.671000Z,,2024-03-08T14:51:09.226761Z,791,C21PHUAV,551,Undergraduate degree (BA/BSc/other),37,Female,White,Croatia,United Kingdom,Croatia,Croatian,No,Full-Time
65eb2337a47849fca886e98b,6571ed82ff0be0217f88ea79,AWAITING REVIEW,Not Applicable,2024-03-08T14:46:24.847000Z,2024-03-08T15:05:06.758000Z,,2024-03-08T15:05:07.201505Z,1122,C21PHUAV,43,Undergraduate degree (BA/BSc/other),29,Female,Black,Nigeria,United Kingdom,Nigeria,English,Yes,Part-Time
65eb233d05812e2727637d59,5eb126c5f13db7000855c7b7,AWAITING REVIEW,Not Applicable,2024-03-08T14:40:01.290000Z,2024-03-08T14:49:10.990000Z,,2024-03-08T14:49:11.452457Z,550,C21PHUAV,633,Graduate degree (MA/MSc/MPhil/other),28,Female,White,United Kingdom,United Kingdom,United Kingdom,English,Yes,Full-Time
65eb2362a0c7c796458e9889,5c64981ca98f0700010f8c81,AWAITING REVIEW,Not Applicable,2024-03-08T14:40:36.969000Z,2024-03-08T14:49:02.061000Z,,2024-03-08T14:49:02.578828Z,506,C21PHUAV,1047,Undergraduate degree (BA/BSc/other),30,Female,White,United Kingdom,United Kingdom,United Kingdom,English,No,DATA_EXPIRED
65eb239037857445d03b6eaa,611162931df90341d92aa708,AWAITING REVIEW,Not Applicable,2024-03-08T14:44:15.084000Z,2024-03-08T14:57:17.318000Z,,2024-03-08T14:57:18.344098Z,783,C21PHUAV,905,Graduate degree (MA/MSc/MPhil/other),35,Female,White,Canada,Canada,Canada,English,No,Full-Time
65eb239db36a62c8683d0068,5de016f1a63c7b0947c54c6b,AWAITING REVIEW,Not Applicable,2024-03-08T14:41:39.121000Z,2024-03-08T15:00:18.258000Z,,2024-03-08T15:03:03.588145Z,1120,C21PHUAV,647,Graduate degree (MA/MSc/MPhil/other),32,Female,White,Russian Federation,United Kingdom,Greece,Greek,Yes,Full-Time
65eb2404d90996c9973d9790,60fad4c0a59d0b05fed0a9f0,AWAITING REVIEW,Not Applicable,2024-03-08T14:43:20.123000Z,2024-03-08T14:50:08.955000Z,,2024-03-08T14:50:09.665355Z,409,C21PHUAV,543,Undergraduate degree (BA/BSc/other),32,Male,White,Canada,Canada,Canada,English,No,Full-Time
65eb241f5aae67e518c946ce,654651ca7a889724c907f144,AWAITING REVIEW,Not Applicable,2024-03-08T14:43:47.895000Z,2024-03-08T15:01:20.922000Z,,2024-03-08T15:03:12.826750Z,1054,C21PHUAV,282,Undergraduate degree (BA/BSc/other),52,Male,White,United Kingdom,United Kingdom,United Kingdom,English,No,Full-Time
65eb2444b67e8aad2ad64789,5ac3c2d3a3ba7a0001b491df,AWAITING REVIEW,Not Applicable,2024-03-08T14:44:25.117000Z,2024-03-08T14:54:40.530000Z,,2024-03-08T14:54:41.041253Z,616,C21PHUAV,202,Graduate degree (MA/MSc/MPhil/other),33,Male,White,Canada,Canada,Canada,English,Yes,Full-Time
65eb24573f81c3e00acb300f,5e6babd0d0031115b8a7bbbf,AWAITING REVIEW,Not Applicable,2024-03-08T14:44:48.175000Z,2024-03-08T14:58:46.909000Z,,2024-03-08T15:02:59.186712Z,839,C21PHUAV,638,Undergraduate degree (BA/BSc/other),28,Female,White,Australia,Australia,Australia,Other,No,DATA_EXPIRED
65eb245e5aae67e518c946da,5e1f5221e3c71928792856a8,AWAITING REVIEW,Not Applicable,2024-03-08T14:44:56.364000Z,2024-03-08T15:08:01.347000Z,,2024-03-08T15:08:01.829219Z,1385,C21PHUAV,354,Graduate degree (MA/MSc/MPhil/other),56,Male,Asian,Indonesia,Australia,Indonesia,Indonesian,Yes,Full-Time
65eb2484ad8823bedeb03775,57f9238bc786ac00011ebc72,AWAITING REVIEW,Not Applicable,2024-03-08T14:45:38.097000Z,2024-03-08T14:50:16.649000Z,,2024-03-08T14:50:17.199625Z,279,C21PHUAV,970,Graduate degree (MA/MSc/MPhil/other),29,Male,White,United Kingdom,United Kingdom,United Kingdom,English,No,Full-Time
65eb248a74fadf66a5d1208e,609fe1299099a3d26ab244ed,AWAITING REVIEW,Not Applicable,2024-03-08T14:45:51.091000Z,2024-03-08T14:50:39.722000Z,,2024-03-08T14:50:40.210620Z,289,C21PHUAV,964,Undergraduate degree (BA/BSc/other),22,Female,White,United Kingdom,United Kingdom,United Kingdom,English,Yes,Other
65eb24e63f81c3e00acb3048,5ab94e8cf69e940001d8fd25,AWAITING REVIEW,Not Applicable,2024-03-08T14:47:05.277000Z,2024-03-08T14:54:48.128000Z,,2024-03-08T14:54:48.656572Z,463,C21PHUAV,1972,Graduate degree (MA/MSc/MPhil/other),29,Female,White,United Kingdom,United Kingdom,United Kingdom,English,No,Full-Time
65eb24edcc538057fc79271b,65d0c78cf2eece985d8dd852,AWAITING REVIEW,Not Applicable,2024-03-08T14:47:09.114000Z,2024-03-08T14:52:27.485000Z,,2024-03-08T14:52:28.043546Z,319,C21PHUAV,11,Doctorate degree (PhD/other),35,Male,White,United Kingdom,United Kingdom,United Kingdom,English,No,DATA_EXPIRED
65eb24f81f55edd3d7eb4611,5b79b92355860100014774f0,AWAITING REVIEW,Not Applicable,2024-03-08T14:47:27.313000Z,2024-03-08T14:57:28.244000Z,,2024-03-08T14:57:28.767568Z,601,C21PHUAV,1628,Graduate degree (MA/MSc/MPhil/other),65,Female,White,Cyprus,United Kingdom,United Kingdom,English,No,Part-Time
65eb252e92818d06d13b383b,63761d26aceed18c21423b5f,AWAITING REVIEW,Not Applicable,2024-03-08T14:48:31.378000Z,2024-03-08T15:10:29.995000Z,,2024-03-08T15:10:30.788961Z,1319,C21PHUAV,394,Undergraduate degree (BA/BSc/other),52,Female,White,United Kingdom,United Kingdom,United Kingdom,English,No,"Not in paid work (e.g. homemaker', 'retired or disabled)"
65eb2541ad8823bedeb037b9,65254b3af924a4b9fdd5487e,AWAITING REVIEW,Not Applicable,2024-03-08T14:48:42.941000Z,2024-03-08T15:00:46.631000Z,,2024-03-08T15:03:09.265478Z,724,C21PHUAV,108,Graduate degree (MA/MSc/MPhil/other),33,Female,White,United Kingdom,United Kingdom,United Kingdom,English,No,"Not in paid work (e.g. homemaker', 'retired or disabled)"
65eb2553a21d0d581ffe0f3d,59dcaf7124d7bf00012f09c4,AWAITING REVIEW,Not Applicable,2024-03-08T14:48:54.886000Z,2024-03-08T14:54:37.467000Z,,2024-03-08T14:54:37.983166Z,343,C21PHUAV,880,Undergraduate degree (BA/BSc/other),45,Female,White,United Kingdom,United Kingdom,United Kingdom,English,No,Part-Time
65eb2558d7f2e3c9aa7d6a92,5fd000fb59f1540347d18088,AWAITING REVIEW,Not Applicable,2024-03-08T14:48:58.838000Z,2024-03-08T14:57:13.412000Z,,2024-03-08T14:57:14.056799Z,495,C21PHUAV,815,Graduate degree (MA/MSc/MPhil/other),38,Male,White,United Kingdom,United Kingdom,United Kingdom,English,DATA_EXPIRED,DATA_EXPIRED
65eb255d2880512814653196,5987753a644ea4000126f00a,AWAITING REVIEW,Not Applicable,2024-03-08T14:49:08.862000Z,2024-03-08T14:50:05.460000Z,,2024-03-08T14:50:05.942442Z,57,C21PHUAV,1274,Undergraduate degree (BA/BSc/other),36,Female,Black,United Kingdom,United Kingdom,United Kingdom,English,No,Full-Time
65eb255ff4ca300b44278e74,6107acc592df914a921e2b41,AWAITING REVIEW,Not Applicable,2024-03-08T14:49:50.115000Z,2024-03-08T15:01:15.473000Z,,2024-03-08T15:03:12.338677Z,686,C21PHUAV,983,Undergraduate degree (BA/BSc/other),49,Male,White,Ireland,Ireland,Ireland,English,Yes,Full-Time
65eb256315777a67065e0886,65522d468dbf46efb1da11ad,AWAITING REVIEW,Not Applicable,2024-03-08T14:50:12.578000Z,2024-03-08T14:52:24.138000Z,,2024-03-08T14:52:24.608021Z,132,C21PHUAV,148,Undergraduate degree (BA/BSc/other),39,Female,Mixed,Australia,Australia,Australia,English,No,Part-Time
65eb2565b36a62c8683d00d8,5f60fad1438cb2026e428741,AWAITING REVIEW,Not Applicable,2024-03-08T14:49:17.084000Z,2024-03-08T14:59:08.217000Z,,2024-03-08T15:03:00.292094Z,592,C21PHUAV,1131,Undergraduate degree (BA/BSc/other),62,Female,White,United Kingdom,United Kingdom,United Kingdom,English,No,"Not in paid work (e.g. homemaker', 'retired or disabled)"
65eb2569a0d61fa7e9e67bca,5ad23186d9f7470001db1a6f,AWAITING REVIEW,Not Applicable,2024-03-08T14:49:19.002000Z,2024-03-08T14:58:17.073000Z,,2024-03-08T15:58:40.510406Z,539,C21PHUAV,970,Undergraduate degree (BA/BSc/other),42,Female,White,Ireland,United Kingdom,Ireland,English,No,Full-Time
65eb256ee89908f27d3d0137,5fcf580e38a75a2824e4cebd,AWAITING REVIEW,Not Applicable,2024-03-08T14:49:22.748000Z,2024-03-08T14:53:38.183000Z,,2024-03-08T14:53:38.728331Z,256,C21PHUAV,633,Doctorate degree (PhD/other),28,Female,Asian,France,United Kingdom,United Kingdom,Tamil,DATA_EXPIRED,DATA_EXPIRED
65eb257e14a4b1409ac97b5e,6063975d511dda8e117087a0,AWAITING REVIEW,Not Applicable,2024-03-08T14:49:44.338000Z,2024-03-08T15:08:21.777000Z,,2024-03-08T15:08:22.316549Z,1118,C21PHUAV,97,Undergraduate degree (BA/BSc/other),41,Female,White,Grenada,Ireland,Ireland,English,Yes,"Not in paid work (e.g. homemaker', 'retired or disabled)"
65eb2583b139d0170b6531aa,5b73083415d03a0001ea316b,AWAITING REVIEW,Not Applicable,2024-03-08T14:49:44.536000Z,2024-03-08T15:01:25.203000Z,,2024-03-08T15:03:13.096182Z,701,C21PHUAV,462,Graduate degree (MA/MSc/MPhil/other),51,Male,White,South Africa,Canada,Canada,English,No,Full-Time
65eb25843f81c3e00acb3079,6111a7ef0b637b8d0eca2053,AWAITING REVIEW,Not Applicable,2024-03-08T14:49:45.387000Z,2024-03-08T14:57:18.209000Z,,2024-03-08T14:57:19.084640Z,453,C21PHUAV,42,Graduate degree (MA/MSc/MPhil/other),36,Female,White,Canada,Canada,Canada,English,No,DATA_EXPIRED
65eb2591f5329f41516179a3,561b6038811d220005f31397,AWAITING REVIEW,Not Applicable,2024-03-08T14:50:03.323000Z,2024-03-08T14:55:53.834000Z,,2024-03-08T14:55:54.375239Z,351,C21PHUAV,576,Graduate degree (MA/MSc/MPhil/other),58,Male,White,United Kingdom,United Kingdom,United Kingdom,English,No,"Not in paid work (e.g. homemaker', 'retired or disabled)"
65eb25a14e91e8adcf0ca728,63ea52773c5861d1f32c4bdb,AWAITING REVIEW,Not Applicable,2024-03-08T14:50:14.572000Z,2024-03-08T14:56:44.699000Z,,2024-03-08T14:56:45.213120Z,391,C21PHUAV,325,Undergraduate degree (BA/BSc/other),30,Male,White,United Kingdom,United Kingdom,United Kingdom,English,DATA_EXPIRED,DATA_EXPIRED
65eb25a261ce9003d455b55e,5ebc3097a9c38504ebd8a347,AWAITING REVIEW,Not Applicable,2024-03-08T14:50:14.825000Z,2024-03-08T14:57:26.237000Z,,2024-03-08T14:57:26.742981Z,432,C21PHUAV,1197,Undergraduate degree (BA/BSc/other),40,Male,White,Canada,Canada,Canada,English,No,Full-Time
65eb25a20d690c4dc9e67bd0,6550e6fb13ddde4c80844b28,AWAITING REVIEW,Not Applicable,2024-03-08T14:50:10.867000Z,2024-03-08T14:51:45.387000Z,,2024-03-08T14:51:45.860222Z,95,C21PHUAV,179,Undergraduate degree (BA/BSc/other),29,Female,White,Canada,Canada,Canada,English,No,Unemployed (and job seeking)
65eb25a5ac3068c6b49511a3,64637fa7bb9009a7f1d5a813,AWAITING REVIEW,Not Applicable,2024-03-08T14:50:36.898000Z,2024-03-08T14:51:42.653000Z,,2024-03-08T14:51:44.707253Z,66,C21PHUAV,196,Undergraduate degree (BA/BSc/other),66,Male,White,Ireland,Ireland,Ireland,English,No,"Not in paid work (e.g. homemaker', 'retired or disabled)"
65eb25d4ac3068c6b49511aa,65dc9d325eac429823cfd2e2,AWAITING REVIEW,Not Applicable,2024-03-08T14:51:19.870000Z,2024-03-08T14:52:06.598000Z,,2024-03-08T14:52:07.196507Z,47,C21PHUAV,16,Graduate degree (MA/MSc/MPhil/other),27,Female,Asian,Canada,Canada,Canada,English,No,Full-Time
65eb25e0ffd9291dbe42bd35,659d51de867f9aeeb94d5088,AWAITING REVIEW,Not Applicable,2024-03-08T14:51:15.556000Z,2024-03-08T14:51:56.982000Z,,2024-03-08T14:51:57.704053Z,42,C21PHUAV,70,Undergraduate degree (BA/BSc/other),44,Male,White,United Kingdom,United Kingdom,United Kingdom,English,No,"Not in paid work (e.g. homemaker', 'retired or disabled)"
65eb25e1c6ce80fa96ba27b0,6273f19f518433b9251d25c1,AWAITING REVIEW,Not Applicable,2024-03-08T14:51:18.958000Z,2024-03-08T15:04:19.149000Z,,2024-03-08T15:04:19.542112Z,781,C21PHUAV,309,Doctorate degree (PhD/other),30,Male,Asian,India,United Kingdom,India,English,DATA_EXPIRED,DATA_EXPIRED
65eb25e681543353d8dc3c91,5f0049efc573a300096568f7,AWAITING REVIEW,Not Applicable,2024-03-08T14:51:21.166000Z,2024-03-08T15:07:29.355000Z,,2024-03-08T15:07:30.604544Z,969,C21PHUAV,1362,Undergraduate degree (BA/BSc/other),65,Female,White,United Kingdom,United Kingdom,United Kingdom,English,No,Full-Time
65eb25eb08c0828ed0b7dbc9,5ed6af4410492f107f27fddb,AWAITING REVIEW,Not Applicable,2024-03-08T14:51:33.798000Z,2024-03-08T15:04:18.838000Z,,2024-03-08T15:04:19.430515Z,766,C21PHUAV,523,Graduate degree (MA/MSc/MPhil/other),36,Female,White,Poland,United Kingdom,Poland,Polish,DATA_EXPIRED,DATA_EXPIRED
65eb260211a25e4a97951197,64fa090ac2bdbbeee264feed,AWAITING REVIEW,Not Applicable,2024-03-08T14:51:54.649000Z,2024-03-08T15:02:07.061000Z,,2024-03-08T15:03:14.815386Z,613,C21PHUAV,87,Undergraduate degree (BA/BSc/other),54,Female,White,Cyprus,Ireland,Ireland,English,No,Full-Time
65eb2604d601bbd3d2f83314,6118c7d391842b7fb85ec5c7,AWAITING REVIEW,Not Applicable,2024-03-08T14:52:32.914000Z,2024-03-08T14:55:00.079000Z,,2024-03-08T14:55:00.632621Z,148,C21PHUAV,421,Undergraduate degree (BA/BSc/other),28,Male,White,United Kingdom,United Kingdom,Iran,Farsi,No,"Not in paid work (e.g. homemaker', 'retired or disabled)"
65eb261c37857445d03b6f72,5acfdb527677430001c8f1e9,AWAITING REVIEW,Not Applicable,2024-03-08T14:52:17.407000Z,2024-03-08T14:59:38.154000Z,,2024-03-08T15:03:01.822933Z,441,C21PHUAV,2244,Graduate degree (MA/MSc/MPhil/other),26,Female,White,United Kingdom,United Kingdom,United Kingdom,English,No,Unemployed (and job seeking)
65eb262fe89908f27d3d0189,62cd6efa6212ae6777eb7db1,AWAITING REVIEW,Not Applicable,2024-03-08T14:52:35.624000Z,2024-03-08T14:59:27.261000Z,,2024-03-08T15:03:00.984834Z,412,C21PHUAV,821,Undergraduate degree (BA/BSc/other),46,Female,White,United States,United Kingdom,United Kingdom,English,DATA_EXPIRED,Part-Time
65eb263b872e02b4a07982fa,5d4960da4f91710019d9fc14,AWAITING REVIEW,Not Applicable,2024-03-08T14:52:47.888000Z,2024-03-08T14:57:56.947000Z,,2024-03-08T14:57:58.570343Z,310,C21PHUAV,659,Doctorate degree (PhD/other),53,Male,White,United Kingdom,United Kingdom,United Kingdom,English,No,Full-Time
65eb264986187bd19631a4b6,6522a9d746012431e9216d5b,AWAITING REVIEW,Not Applicable,2024-03-08T14:53:07.453000Z,2024-03-08T14:54:21.382000Z,,2024-03-08T14:54:21.961321Z,74,C21PHUAV,34,Undergraduate degree (BA/BSc/other),68,Female,White,United Kingdom,United Kingdom,United Kingdom,English,No,Other
65eb266c71dabeb0c788c6f4,634e7e0695471fa84bfe5f2f,AWAITING REVIEW,Not Applicable,2024-03-08T14:53:50.685000Z,2024-03-08T14:59:28.677000Z,,2024-03-08T15:03:00.988202Z,338,C21PHUAV,600,Undergraduate degree (BA/BSc/other),26,Female,White,United Kingdom,United Kingdom,United Kingdom,English,No,Full-Time
65eb2671d7f2e3c9aa7d6ad9,5999aedebbe8480001796677,AWAITING REVIEW,Not Applicable,2024-03-08T14:53:43.660000Z,2024-03-08T14:58:40.326000Z,,2024-03-08T15:02:58.868629Z,297,C21PHUAV,444,Graduate degree (MA/MSc/MPhil/other),40,Female,White,United Kingdom,United Kingdom,United Kingdom,"English, English",No,Part-Time
65eb267fe89908f27d3d01aa,6159ac2d4916fb5916904f5e,AWAITING REVIEW,Not Applicable,2024-03-08T14:53:59.270000Z,2024-03-08T15:12:17.640000Z,,2024-03-08T15:14:19.683506Z,1099,C21PHUAV,191,Undergraduate degree (BA/BSc/other),29,Female,White,United Kingdom,United Kingdom,United Kingdom,English,DATA_EXPIRED,DATA_EXPIRED
65eb2680d3f281d1eb16a70a,5e9ec8f7e16784000beea696,AWAITING REVIEW,Not Applicable,2024-03-08T14:53:57.031000Z,2024-03-08T14:54:58.918000Z,,2024-03-08T14:54:59.536953Z,62,C21PHUAV,558,Graduate degree (MA/MSc/MPhil/other),24,Female,White,United Kingdom,United Kingdom,United Kingdom,English,No,Full-Time
65eb2680acf242f26d34a39f,5c84272563805a000149eeac,AWAITING REVIEW,Not Applicable,2024-03-08T14:53:57.401000Z,2024-03-08T15:15:01.179000Z,,2024-03-08T15:15:38.592928Z,1264,C21PHUAV,847,Graduate degree (MA/MSc/MPhil/other),60,Male,White,United Kingdom,United Kingdom,United Kingdom,English,No,"Not in paid work (e.g. homemaker', 'retired or disabled)"
65eb26833f81c3e00acb30f0,6393c3b735fe0448935673d5,AWAITING REVIEW,Not Applicable,2024-03-08T14:54:00.126000Z,2024-03-08T14:54:43.948000Z,,2024-03-08T14:54:44.518544Z,44,C21PHUAV,349,Graduate degree (MA/MSc/MPhil/other),29,Male,Asian,Australia,Australia,Australia,English,Yes,Full-Time
65eb26a47b102edfe495ad6e,5f02e4ccf8b6db18a3a60ccd,AWAITING REVIEW,Not Applicable,2024-03-08T14:54:31.808000Z,2024-03-08T15:00:30.545000Z,,2024-03-08T15:03:07.853929Z,359,C21PHUAV,891,Undergraduate degree (BA/BSc/other),50,Male,White,United Kingdom,United Kingdom,United Kingdom,English,No,Full-Time
65eb26c8fc33f84a4bda9542,5c4783f5c41b2a000183a24d,AWAITING REVIEW,Not Applicable,2024-03-08T14:55:09.838000Z,2024-03-08T14:57:06.541000Z,,2024-03-08T14:57:07.526056Z,117,C21PHUAV,726,Undergraduate degree (BA/BSc/other),56,Female,White,Ireland,United Kingdom,Ireland,English,No,Part-Time
65eb26efc6ce80fa96ba2833,60ca20a5bd71514ecaa909ca,AWAITING REVIEW,Not Applicable,2024-03-08T15:04:17.525000Z,2024-03-08T15:06:38.696000Z,,2024-03-08T15:06:39.332283Z,142,C21PHUAV,541,Undergraduate degree (BA/BSc/other),22,Male,White,Russian Federation,United Kingdom,United Kingdom,English,DATA_EXPIRED,DATA_EXPIRED
65eb26f6a0c7c796458e99fd,5c561712f9120f0001d29c4d,AWAITING REVIEW,Not Applicable,2024-03-08T14:55:54.579000Z,2024-03-08T14:56:31.599000Z,,2024-03-08T14:56:32.192003Z,38,C21PHUAV,657,Undergraduate degree (BA/BSc/other),29,Female,White,United Kingdom,United Kingdom,United Kingdom,English,No,Full-Time
65eb27045cc8b96eaa8ffbe3,63bda084d8fb45c4034770b5,AWAITING REVIEW,Not Applicable,2024-03-08T14:56:07.407000Z,2024-03-08T15:02:28.937000Z,,2024-03-08T15:03:16.791535Z,382,C21PHUAV,800,Undergraduate degree (BA/BSc/other),33,Prefer not to say,Asian,Hong Kong,United Kingdom,United Kingdom,Chinese,No,Full-Time
65eb27128391c6763f150747,5b04a22ea496b300013d9409,AWAITING REVIEW,Not Applicable,2024-03-08T14:57:03.809000Z,2024-03-08T15:12:56.567000Z,,2024-03-08T15:15:01.394723Z,953,C21PHUAV,358,Undergraduate degree (BA/BSc/other),37,Female,Mixed,France,United Kingdom,France,French,No,Other
65eb2714a7ccec4364ab6688,575eab31862b0f0006cd7dec,AWAITING REVIEW,Not Applicable,2024-03-08T14:56:25.676000Z,2024-03-08T15:14:10.192000Z,,2024-03-08T15:15:29.182592Z,1065,C21PHUAV,2711,Undergraduate degree (BA/BSc/other),67,Male,White,United Kingdom,United Kingdom,United Kingdom,English,No,"Not in paid work (e.g. homemaker', 'retired or disabled)"
65eb2718e7f61aca518c67bc,56bb120a724769000cb7462b,AWAITING REVIEW,Not Applicable,2024-03-08T14:56:28.744000Z,2024-03-08T15:10:49.754000Z,,2024-03-08T16:16:37.941489Z,862,C21PHUAV,550,Undergraduate degree (BA/BSc/other),52,Female,White,United Kingdom,United Kingdom,United Kingdom,English,No,Part-Time
65eb2720e89908f27d3d01e5,59ee565b6100f9000194abbf,AWAITING REVIEW,Not Applicable,2024-03-08T14:56:32.119000Z,2024-03-08T15:05:36.012000Z,,2024-03-08T15:05:36.474169Z,544,C21PHUAV,846,Undergraduate degree (BA/BSc/other),56,Male,White,Portugal,United Kingdom,Portugal,Portuguese,No,Full-Time
65eb27252c3ed516b12ec7b1,5eebc3207c83c63a3a73d77d,AWAITING REVIEW,Not Applicable,2024-03-08T14:56:57.160000Z,2024-03-08T14:57:47.239000Z,,2024-03-08T15:58:08.968471Z,51,C21PHUAV,930,Undergraduate degree (BA/BSc/other),33,Female,White,United Kingdom,United Kingdom,United Kingdom,English,No,Full-Time
65eb272ce7c944fc8c16a74c,6107b5b78f1c05983711a3b7,AWAITING REVIEW,Not Applicable,2024-03-08T14:56:51.694000Z,2024-03-08T15:01:47.396000Z,,2024-03-08T15:03:13.794717Z,296,C21PHUAV,1051,Undergraduate degree (BA/BSc/other),51,Female,White,United Kingdom,United Kingdom,United Kingdom,English,No,DATA_EXPIRED
65eb272ed3f281d1eb16a735,65d0c8db07667d22ea8dd5a5,AWAITING REVIEW,Not Applicable,2024-03-08T14:58:03.470000Z,2024-03-08T15:07:53.436000Z,,2024-03-08T15:07:54.321875Z,590,C21PHUAV,19,Graduate degree (MA/MSc/MPhil/other),36,Female,White,United Kingdom,United Kingdom,United Kingdom,English,No,Full-Time
65eb272fb11dbc2195ba27af,597b50cb1fc28a0001917d9a,AWAITING REVIEW,Not Applicable,2024-03-08T14:56:52.617000Z,2024-03-08T14:57:17.064000Z,,2024-03-08T14:57:18.108776Z,25,C21PHUAV,157,Graduate degree (MA/MSc/MPhil/other),24,Female,White,United Kingdom,United Kingdom,United Kingdom,English,No,Full-Time
65eb27401f55edd3d7eb46d5,5fa1db108aaea037919570d4,AWAITING REVIEW,Not Applicable,2024-03-08T14:57:07.879000Z,2024-03-08T15:00:50.810000Z,,2024-03-08T15:03:10.545459Z,223,C21PHUAV,514,Graduate degree (MA/MSc/MPhil/other),41,Male,White,United Kingdom,United Kingdom,United Kingdom,English,No,DATA_EXPIRED
65eb2745d03d5d3e2d06e644,63fab901a6a29bd9c8b39f89,AWAITING REVIEW,Not Applicable,2024-03-08T14:57:09.437000Z,2024-03-08T15:12:29.806000Z,,2024-03-08T16:16:03.401892Z,921,C21PHUAV,487,Graduate degree (MA/MSc/MPhil/other),44,Female,White,Australia,Australia,Australia,English,No,"Not in paid work (e.g. homemaker', 'retired or disabled)"
65eb2748d3f8dd04c5f32cf2,6346884b98f7b764ae2d2b0a,AWAITING REVIEW,Not Applicable,2024-03-08T14:57:35.520000Z,2024-03-08T14:58:24.844000Z,,2024-03-08T15:02:56.950670Z,50,C21PHUAV,181,Graduate degree (MA/MSc/MPhil/other),22,Female,Asian,United Kingdom,United Kingdom,United Kingdom,English,Yes,Full-Time
65eb274baea1a885e88c677f,5d59b9c062caf9001da76564,AWAITING REVIEW,Not Applicable,2024-03-08T14:57:19.790000Z,2024-03-08T15:12:42.123000Z,,2024-03-08T15:14:53.970166Z,923,C21PHUAV,1418,Doctorate degree (PhD/other),45,Male,White,Netherlands,United Kingdom,Netherlands,Dutch,No,Full-Time
65eb275e6a03f0b177f832aa,5c37218fcae26e00013205ad,AWAITING REVIEW,Not Applicable,2024-03-08T14:57:39.632000Z,2024-03-08T14:58:33.579000Z,,2024-03-08T15:02:58.385744Z,54,C21PHUAV,166,Doctorate degree (PhD/other),34,Male,White,United Kingdom,United Kingdom,United Kingdom,English,No,Full-Time
65eb2777ae5c91a2656de3b2,6560d43fc84f57af66b900f8,AWAITING REVIEW,Not Applicable,2024-03-08T14:58:01.208000Z,2024-03-08T15:06:10.982000Z,,2024-03-08T15:06:11.484610Z,490,C21PHUAV,164,Undergraduate degree (BA/BSc/other),54,Male,White,United Kingdom,United Kingdom,United Kingdom,English,No,Full-Time
65eb27792500543d5e7f5cf2,5c67e30581ea8900018ae0d0,AWAITING REVIEW,Not Applicable,2024-03-08T14:58:41.315000Z,2024-03-08T15:20:54.129000Z,,2024-03-08T15:20:54.687347Z,1333,C21PHUAV,1199,Undergraduate degree (BA/BSc/other),60,Male,White,Canada,United Kingdom,Canada,English,No,Other
65eb277e7cf136c8407983e6,5bb6faf4f6d0bd00019e12f4,AWAITING REVIEW,Not Applicable,2024-03-08T14:58:30.655000Z,2024-03-08T15:06:51.651000Z,,2024-03-08T15:06:52.163253Z,501,C21PHUAV,1075,Undergraduate degree (BA/BSc/other),50,Male,White,Canada,Australia,Australia,English,No,"Not in paid work (e.g. homemaker', 'retired or disabled)"
65eb27816bc57316021fa337,65ba3cb2cc6ddf29c8efc052,AWAITING REVIEW,Not Applicable,2024-03-08T14:58:16.057000Z,2024-03-08T15:06:47.830000Z,,2024-03-08T15:06:48.271442Z,512,C21PHUAV,28,Graduate degree (MA/MSc/MPhil/other),41,Female,White,Sweden,United Kingdom,Sweden,Swedish,No,Part-Time
65eb2792d3f8dd04c5f32d0c,5c75c7c92c662600014eb328,AWAITING REVIEW,Not Applicable,2024-03-08T14:58:34.346000Z,2024-03-08T15:10:43.548000Z,,2024-03-08T15:10:44.236693Z,730,C21PHUAV,639,Undergraduate degree (BA/BSc/other),61,Female,White,United Kingdom,United Kingdom,Ireland,English,No,Other
65eb2794efee24e44d8568f5,6166286d02c13de75d443af5,AWAITING REVIEW,Not Applicable,2024-03-08T14:58:31.117000Z,2024-03-08T15:08:22.582000Z,,2024-03-08T15:08:23.269447Z,592,C21PHUAV,396,Undergraduate degree (BA/BSc/other),25,Male,White,United Kingdom,United Kingdom,United Kingdom,English,No,DATA_EXPIRED
65eb279945f27ff2527fa83f,5eacc73599a2df34462204e2,AWAITING REVIEW,Not Applicable,2024-03-08T14:58:45.129000Z,2024-03-08T15:08:15.125000Z,,2024-03-08T15:08:15.685895Z,570,C21PHUAV,382,Graduate degree (MA/MSc/MPhil/other),23,Female,Asian,India,United Kingdom,Portugal,English,Yes,Full-Time
65eb279a86187bd19631a54c,6522ba6e7e9ddac0640b8712,AWAITING REVIEW,Not Applicable,2024-03-08T15:06:42.088000Z,2024-03-08T15:27:20.543000Z,,2024-03-08T15:29:09.732358Z,1239,C21PHUAV,36,Undergraduate degree (BA/BSc/other),29,Male,Asian,Canada,Canada,Canada,English,Yes,Unemployed (and job seeking)
65eb279e45f27ff2527fa842,65a3fee56f17beac9e7e6e9e,AWAITING REVIEW,Not Applicable,2024-03-08T14:58:38.796000Z,2024-03-08T15:13:59.884000Z,,2024-03-08T15:15:26.721326Z,922,C21PHUAV,59,Undergraduate degree (BA/BSc/other),22,Female,Other,Jordan,Canada,Canada,Arabic,No,"Not in paid work (e.g. homemaker', 'retired or disabled)"
65eb27a8ac3068c6b4951266,65b7e59b58fd4bc136bc21f6,AWAITING REVIEW,Not Applicable,2024-03-08T15:00:18.340000Z,2024-03-08T15:01:13.681000Z,,2024-03-08T15:03:12.233435Z,56,C21PHUAV,38,Graduate degree (MA/MSc/MPhil/other),23,Female,Black,Kenya,Australia,DATA_EXPIRED,English,Yes,DATA_EXPIRED
65eb27abbac072c0f61fa2f2,65732b6774c687715a5ba4ec,AWAITING REVIEW,Not Applicable,2024-03-08T14:58:53.939000Z,2024-03-08T15:00:34.071000Z,,2024-03-08T15:03:08.356873Z,101,C21PHUAV,55,Graduate degree (MA/MSc/MPhil/other),43,Male,Other,Turkey,United Kingdom,Turkey,Turkish,No,Other
65eb27b37cf136c8407983f8,5d5d5e7132628c0019614773,AWAITING REVIEW,Not Applicable,2024-03-08T14:59:02.667000Z,2024-03-08T15:05:24.422000Z,,2024-03-08T15:05:24.840488Z,382,C21PHUAV,697,Graduate degree (MA/MSc/MPhil/other),29,Female,White,United Kingdom,United Kingdom,United Kingdom,English,No,Full-Time
65eb27b436c1dd4dfc34a3c1,5d4c4c7e8cbe900016c1f7a3,AWAITING REVIEW,Not Applicable,2024-03-08T14:59:04.177000Z,2024-03-08T14:59:34.446000Z,,2024-03-08T15:03:01.604208Z,31,C21PHUAV,743,Graduate degree (MA/MSc/MPhil/other),25,Female,White,United Kingdom,United Kingdom,United Kingdom,English,No,Full-Time
65eb27b992818d06d13b3905,65525d92ea62bb67226977a0,AWAITING REVIEW,Not Applicable,2024-03-08T14:59:12.248000Z,2024-03-08T15:00:27.690000Z,,2024-03-08T15:03:07.443549Z,76,C21PHUAV,50,Undergraduate degree (BA/BSc/other),34,Male,Asian,Pakistan,Canada,Canada,Urdu,No,Full-Time
65eb27c1acf242f26d34a401,60941b098b68afe9c6e96e94,AWAITING REVIEW,Not Applicable,2024-03-08T15:00:23.568000Z,2024-03-08T15:20:52.343000Z,,2024-03-08T15:20:52.788766Z,1229,C21PHUAV,419,Undergraduate degree (BA/BSc/other),32,Female,White,Switzerland,United Kingdom,Switzerland,Italian,No,Unemployed (and job seeking)
65eb27ccf9a537da848568f9,59dd90f6e75b450001a68dac,AWAITING REVIEW,Not Applicable,2024-03-08T15:06:54.372000Z,2024-03-08T15:16:40.925000Z,,2024-03-08T16:24:57.015221Z,587,C21PHUAV,2176,Undergraduate degree (BA/BSc/other),36,Female,White,United Kingdom,United Kingdom,United Kingdom,English,No,"Not in paid work (e.g. homemaker', 'retired or disabled)"
65eb27cdad8823bedeb038ac,5fd6818e16f7cb5b58d2178d,AWAITING REVIEW,Not Applicable,2024-03-08T14:59:31.252000Z,2024-03-08T15:15:35.633000Z,,2024-03-08T15:15:51.330080Z,965,C21PHUAV,574,Undergraduate degree (BA/BSc/other),31,Female,Asian,Pakistan,Canada,Pakistan,Urdu,No,Full-Time
65eb27d6b36a62c8683d0182,64428384c2928e0157125891,AWAITING REVIEW,Not Applicable,2024-03-08T15:01:48.094000Z,2024-03-08T15:10:32.074000Z,,2024-03-08T15:10:32.588587Z,524,C21PHUAV,663,Undergraduate degree (BA/BSc/other),52,Male,White,United Kingdom,United Kingdom,United Kingdom,English,No,Full-Time
65eb27e35aae67e518c947a8,65e1e16d9f7eaa10f3454025,AWAITING REVIEW,Not Applicable,2024-03-08T15:00:10.830000Z,2024-03-08T15:09:54.988000Z,,2024-03-08T16:16:55.047445Z,585,C21PHUAV,14,Undergraduate degree (BA/BSc/other),68,Male,White,United Kingdom,United Kingdom,United Kingdom,English,No,"Not in paid work (e.g. homemaker', 'retired or disabled)"
65eb27fcef6874dcb088c74d,64517c6577e0f1230f87f59d,AWAITING REVIEW,Not Applicable,2024-03-08T15:03:43.646000Z,2024-03-08T15:14:43.089000Z,,2024-03-08T15:15:35.177426Z,660,C21PHUAV,492,Undergraduate degree (BA/BSc/other),55,Female,White,United Kingdom,United Kingdom,United Kingdom,English,DATA_EXPIRED,Part-Time
65eb27fdef6874dcb088c74f,5c4dfcb6889752000156bfb3,AWAITING REVIEW,Not Applicable,2024-03-08T15:00:16.531000Z,2024-03-08T15:03:02.641000Z,,2024-03-08T15:03:20.113706Z,167,C21PHUAV,876,Graduate degree (MA/MSc/MPhil/other),27,Female,White,United Kingdom,United Kingdom,United Kingdom,English,No,Full-Time
65eb280596d3701edc35ac90,5c63d689263b1b0001c66968,AWAITING REVIEW,Not Applicable,2024-03-08T15:02:22.843000Z,2024-03-08T15:09:55.534000Z,,2024-03-08T15:09:56.354459Z,453,C21PHUAV,1796,Undergraduate degree (BA/BSc/other),50,Female,White,United Kingdom,United Kingdom,United Kingdom,English,No,Full-Time
65eb2808141a28f12029b494,60b8a2ea5eb4ad8ae98302f9,AWAITING REVIEW,Not Applicable,2024-03-08T15:00:29.143000Z,2024-03-08T15:33:15.897000Z,,2024-03-08T15:33:16.337188Z,1967,C21PHUAV,1621,Undergraduate degree (BA/BSc/other),43,Female,Asian,United Kingdom,United Kingdom,United Kingdom,English,No,Full-Time
65eb28092887c660bb61e2b5,616c380ec7e2787b3631ac40,AWAITING REVIEW,Not Applicable,2024-03-08T15:00:32.987000Z,2024-03-08T15:10:29.424000Z,,2024-03-08T15:10:30.049534Z,597,C21PHUAV,1497,Undergraduate degree (BA/BSc/other),49,Female,White,United Kingdom,United Kingdom,United Kingdom,English,DATA_EXPIRED,DATA_EXPIRED
65eb281136c1dd4dfc34a3cb,5e736c9f4e8cdf034bdfa5c3,AWAITING REVIEW,Not Applicable,2024-03-08T15:00:36.917000Z,2024-03-08T15:02:40.740000Z,,2024-03-08T15:03:17.354876Z,124,C21PHUAV,2022,Undergraduate degree (BA/BSc/other),46,Male,White,United Kingdom,United Kingdom,United Kingdom,English,No,Full-Time
65eb281855264c2c144a11af,5b1c07da88ee7400012b0c2f,AWAITING REVIEW,Not Applicable,2024-03-08T15:01:26.018000Z,2024-03-08T15:03:42.458000Z,,2024-03-08T15:03:42.946717Z,137,C21PHUAV,826,Graduate degree (MA/MSc/MPhil/other),34,Female,White,United Kingdom,United Kingdom,United Kingdom,English,No,Full-Time
65eb281aef6874dcb088c759,61081aab1dad0a92827a371d,AWAITING REVIEW,Not Applicable,2024-03-08T15:01:05.477000Z,2024-03-08T15:11:11.667000Z,,2024-03-08T15:11:30.599434Z,607,C21PHUAV,197,Graduate degree (MA/MSc/MPhil/other),29,Female,White,Italy,United Kingdom,Italy,Italian,Yes,Full-Time
65eb28205cc8b96eaa8ffc51,5d2578c6ddb85d0019460435,AWAITING REVIEW,Not Applicable,2024-03-08T15:00:53.881000Z,2024-03-08T15:12:24.781000Z,,2024-03-08T15:14:29.919215Z,691,C21PHUAV,593,Graduate degree (MA/MSc/MPhil/other),39,Male,White,Poland,Ireland,Poland,Polish,No,Full-Time
65eb2821c6ce80fa96ba2890,5b991345ad5ac20001f99f0d,AWAITING REVIEW,Not Applicable,2024-03-08T15:00:53.609000Z,2024-03-08T15:01:53.361000Z,,2024-03-08T15:03:13.878850Z,60,C21PHUAV,577,Undergraduate degree (BA/BSc/other),28,Female,Asian,Philippines,United Kingdom,United Kingdom,English,DATA_EXPIRED,DATA_EXPIRED
65eb282696d3701edc35aca6,5edd630ac419bf0ed18c99b5,AWAITING REVIEW,Not Applicable,2024-03-08T15:01:06.256000Z,2024-03-08T15:02:20.888000Z,,2024-03-08T15:03:16.320376Z,75,C21PHUAV,811,Undergraduate degree (BA/BSc/other),43,Male,White,Romania,United Kingdom,Romania,Romanian,No,Full-Time
65eb28297132c44e17689d9c,5bb6612a4b2c3a0001675bf6,AWAITING REVIEW,Not Applicable,2024-03-08T15:01:05.998000Z,2024-03-08T15:08:49.343000Z,,2024-03-08T15:08:49.791435Z,464,C21PHUAV,704,Undergraduate degree (BA/BSc/other),36,Male,White,United Kingdom,United Kingdom,United Kingdom,English,No,Full-Time
65eb282b8391c6763f150789,5f7d89e68e20522626a6e862,AWAITING REVIEW,Not Applicable,2024-03-08T15:01:05.197000Z,2024-03-08T15:02:47.055000Z,,2024-03-08T15:03:17.810246Z,102,C21PHUAV,2109,Undergraduate degree (BA/BSc/other),34,Male,White,United Kingdom,United Kingdom,United Kingdom,English,No,Full-Time
65eb2832ad8823bedeb038c9,65498af02717744d9946615d,AWAITING REVIEW,Not Applicable,2024-03-08T15:01:06.168000Z,2024-03-08T15:19:19.337000Z,,2024-03-08T15:19:19.951365Z,1094,C21PHUAV,113,Graduate degree (MA/MSc/MPhil/other),31,Male,White,France,Canada,France,French,No,Full-Time
65eb2835f4ca300b44278f92,60d32c69d6447ad868ec4c62,AWAITING REVIEW,Not Applicable,2024-03-08T15:01:14.041000Z,2024-03-08T15:08:16.773000Z,,2024-03-08T15:08:17.621580Z,423,C21PHUAV,524,Undergraduate degree (BA/BSc/other),26,Female,White,United Kingdom,United Kingdom,United Kingdom,English,No,Full-Time
65eb28365aae67e518c947bb,60df2b066cbec97b1d907126,AWAITING REVIEW,Not Applicable,2024-03-08T15:01:15.920000Z,2024-03-08T15:06:43.841000Z,,2024-03-08T15:06:44.309472Z,328,C21PHUAV,554,Undergraduate degree (BA/BSc/other),38,Female,White,United Kingdom,United Kingdom,United Kingdom,English,No,Full-Time
65eb283b84b186b8eb8ffb88,647caf8d182226ed6fdbcdbf,AWAITING REVIEW,Not Applicable,2024-03-08T15:01:20.040000Z,2024-03-08T15:03:25.047000Z,,2024-03-08T15:03:25.506780Z,126,C21PHUAV,470,Undergraduate degree (BA/BSc/other),50,Female,White,United Kingdom,United Kingdom,United Kingdom,English,No,Full-Time
65eb283cacf242f26d34a423,5b9281970ff8eb00018874f9,AWAITING REVIEW,Not Applicable,2024-03-08T15:01:20.068000Z,2024-03-08T15:18:06.415000Z,,2024-03-08T15:18:07.211640Z,1007,C21PHUAV,604,Undergraduate degree (BA/BSc/other),43,Male,White,Ireland,United Kingdom,United Kingdom,English,No,Full-Time
65eb283de4d48488bc2d0c15,5c1415603b61bc00016b3806,AWAITING REVIEW,Not Applicable,2024-03-08T15:01:30.160000Z,2024-03-08T15:10:17.712000Z,,2024-03-08T15:10:18.622320Z,528,C21PHUAV,88,Graduate degree (MA/MSc/MPhil/other),28,Female,White,United Kingdom,United Kingdom,United Kingdom,English,No,Unemployed (and job seeking)
65eb283fb11dbc2195ba27fc,65308684e666f65ce8a8d704,AWAITING REVIEW,Not Applicable,2024-03-08T15:01:24.752000Z,2024-03-08T15:17:33.526000Z,,2024-03-08T15:17:34.115104Z,969,C21PHUAV,38,Undergraduate degree (BA/BSc/other),34,Female,White,Canada,Canada,Canada,English,No,Full-Time
65eb284286187bd19631a576,60621582fe2e0ea6aa218581,AWAITING REVIEW,Not Applicable,2024-03-08T15:01:27.206000Z,2024-03-08T15:14:08.744000Z,,2024-03-08T15:15:28.614286Z,762,C21PHUAV,1779,Doctorate degree (PhD/other),40,Male,Black,Nigeria,United Kingdom,United Kingdom,English,No,Full-Time
65eb28425aae67e518c947c1,5eeb621a7c83c62d2473afb1,AWAITING REVIEW,Not Applicable,2024-03-08T15:01:28.452000Z,2024-03-08T15:07:18.183000Z,,2024-03-08T15:07:18.660309Z,350,C21PHUAV,1055,Undergraduate degree (BA/BSc/other),69,Female,White,United Kingdom,United Kingdom,United Kingdom,English,DATA_EXPIRED,DATA_EXPIRED
65eb2848a4bd234d3d0dfa7f,57c975a8648ff40001666439,AWAITING REVIEW,Not Applicable,2024-03-08T15:01:31.883000Z,2024-03-08T15:09:00.297000Z,,2024-03-08T15:09:00.936397Z,449,C21PHUAV,873,Graduate degree (MA/MSc/MPhil/other),36,Female,White,United Kingdom,United Kingdom,United Kingdom,English,No,Part-Time
65eb2848699631acfceb465f,6571d02d8fd9b1f321fe9834,AWAITING REVIEW,Not Applicable,2024-03-08T15:02:27.480000Z,2024-03-08T15:09:19.506000Z,,2024-03-08T15:09:20.018725Z,413,C21PHUAV,66,Undergraduate degree (BA/BSc/other),34,Female,White,United Kingdom,United Kingdom,United Kingdom,English,No,Full-Time
65eb284996d3701edc35acb7,5db1dbb351eb21000c443e58,AWAITING REVIEW,Not Applicable,2024-03-08T15:01:33.316000Z,2024-03-08T15:10:07.154000Z,,2024-03-08T15:10:07.688636Z,514,C21PHUAV,807,Undergraduate degree (BA/BSc/other),39,Female,White,United Kingdom,United Kingdom,United Kingdom,English,No,Part-Time
65eb284cacf242f26d34a429,64403633e042e91beabe9645,AWAITING REVIEW,Not Applicable,2024-03-08T15:01:42.090000Z,2024-03-08T15:02:46.030000Z,,2024-03-08T15:03:17.641402Z,64,C21PHUAV,248,Undergraduate degree (BA/BSc/other),25,Male,White,United Kingdom,United Kingdom,United Kingdom,English,No,Other
65eb284faea1a885e88c67ba,5ff7981d63af76496f52ecf3,AWAITING REVIEW,Not Applicable,2024-03-08T15:01:40.186000Z,2024-03-08T15:08:40.570000Z,,2024-03-08T15:08:41.452557Z,421,C21PHUAV,202,Undergraduate degree (BA/BSc/other),21,Female,White,United Kingdom,United Kingdom,Sweden,English,Yes,Part-Time
65eb2850ec88669bc2689c49,65ea0e41c16313f84e3aa88f,AWAITING REVIEW,Not Applicable,2024-03-08T15:01:48.306000Z,2024-03-08T15:10:26.846000Z,,2024-03-08T15:10:27.429707Z,519,C21PHUAV,3,Graduate degree (MA/MSc/MPhil/other),27,Female,Asian,India,United States,India,Gujarati,No,DATA_EXPIRED
65eb286032c887872a07d50a,5507738ffdf99b352b9fe4b3,AWAITING REVIEW,Not Applicable,2024-03-08T15:04:37.332000Z,2024-03-08T15:19:33.287000Z,,2024-03-08T15:19:33.829674Z,896,C21PHUAV,1338,Graduate degree (MA/MSc/MPhil/other),29,Male,White,United Kingdom,United Kingdom,United Kingdom,English,Yes,Full-Time
65eb28657132c44e17689dbf,609cf52f307e706d751a9f22,AWAITING REVIEW,Not Applicable,2024-03-08T15:02:18.196000Z,2024-03-08T15:11:12.796000Z,,2024-03-08T15:11:31.470670Z,535,C21PHUAV,28,Graduate degree (MA/MSc/MPhil/other),44,Female,White,Italy,United Kingdom,United Kingdom,Italian,No,Full-Time
65eb286686187bd19631a588,58cc4c53efb64f0001359761,AWAITING REVIEW,Not Applicable,2024-03-08T15:02:01.411000Z,2024-03-08T15:11:08.504000Z,,2024-03-08T15:11:29.836413Z,548,C21PHUAV,1643,Undergraduate degree (BA/BSc/other),38,Male,Asian,India,United Kingdom,United Kingdom,English,No,Full-Time
65eb2872e4d48488bc2d0c1f,5cd633b904748d001a19f092,AWAITING REVIEW,Not Applicable,2024-03-08T15:02:18.085000Z,2024-03-08T15:04:53.231000Z,,2024-03-08T15:04:53.971966Z,156,C21PHUAV,374,Undergraduate degree (BA/BSc/other),38,Male,White,Canada,Canada,Canada,English,No,Full-Time
65eb2876a76291bbbd41e447,5f58a4009e4e760112ac30d7,AWAITING REVIEW,Not Applicable,2024-03-08T15:02:27.737000Z,2024-03-08T15:03:24.299000Z,,2024-03-08T15:03:24.671262Z,57,C21PHUAV,513,Undergraduate degree (BA/BSc/other),30,Male,White,United Kingdom,United Kingdom,United Kingdom,English,No,Part-Time
65eb2878efee24e44d85692f,5aa9dbef6475f90001a085c9,AWAITING REVIEW,Not Applicable,2024-03-08T15:02:36.363000Z,2024-03-08T15:19:59.184000Z,,2024-03-08T15:19:59.678137Z,1043,C21PHUAV,227,Undergraduate degree (BA/BSc/other),49,Female,White,United Kingdom,United Kingdom,United Kingdom,English,No,Full-Time
65eb287d6cd67578d24a11a1,5e1c6f19a411c946eb012481,AWAITING REVIEW,Not Applicable,2024-03-08T15:02:38.610000Z,2024-03-08T15:10:34.667000Z,,2024-03-08T15:10:35.235976Z,477,C21PHUAV,1806,Undergraduate degree (BA/BSc/other),37,Female,White,United Kingdom,United Kingdom,United Kingdom,English,No,Full-Time
65eb28805cc8b96eaa8ffc6f,62682277645054f5802459b8,AWAITING REVIEW,Not Applicable,2024-03-08T15:02:26.491000Z,2024-03-08T15:08:11.699000Z,,2024-03-08T15:08:12.417690Z,346,C21PHUAV,1351,Undergraduate degree (BA/BSc/other),58,Male,White,United Kingdom,United Kingdom,United Kingdom,English,No,"Not in paid work (e.g. homemaker', 'retired or disabled)"
65eb2882f4962643ddb7dc5a,63a799cde6527ca4f11bc7b2,AWAITING REVIEW,Not Applicable,2024-03-08T15:02:49.586000Z,2024-03-08T15:14:25.211000Z,,2024-03-08T15:15:32.244870Z,696,C21PHUAV,337,Doctorate degree (PhD/other),51,Male,Asian,Bangladesh,United Kingdom,United Kingdom,English,No,Full-Time
65eb2886b139d0170b65329a,65c269507422fa745b4cc0a1,AWAITING REVIEW,Not Applicable,2024-03-08T15:02:34.965000Z,2024-03-08T15:04:18.579000Z,,2024-03-08T16:16:57.347977Z,104,C21PHUAV,38,Graduate degree (MA/MSc/MPhil/other),35,Female,White,Brazil,United Kingdom,Brazil,Portuguese,No,Unemployed (and job seeking)
65eb28874e91e8adcf0ca7c8,5c9a994ad55db20014aba191,AWAITING REVIEW,Not Applicable,2024-03-08T15:02:35.196000Z,2024-03-08T15:03:18.976000Z,,2024-03-08T15:03:21.551499Z,44,C21PHUAV,1685,Undergraduate degree (BA/BSc/other),51,Male,White,Canada,Canada,Canada,English,No,Full-Time
65eb28887cf136c840798435,65e48a3d8d58b05bcee470a1,AWAITING REVIEW,Not Applicable,2024-03-08T15:02:37.010000Z,2024-03-08T15:05:10.395000Z,,2024-03-08T15:05:11.004081Z,154,C21PHUAV,4,Undergraduate degree (BA/BSc/other),26,Female,Asian,China,Canada,Canada,English,No,Full-Time
65eb288cc75a3356a96dd6c5,5ac4b010f69e940001d97645,AWAITING REVIEW,Not Applicable,2024-03-08T15:03:27.333000Z,2024-03-08T15:12:00.538000Z,,2024-03-08T15:13:45.934704Z,514,C21PHUAV,2254,Undergraduate degree (BA/BSc/other),44,Female,White,United Kingdom,United Kingdom,United Kingdom,English,No,Unemployed (and job seeking)
65eb2892d90996c9973d9964,5fa712fa5343d542bec31396,AWAITING REVIEW,Not Applicable,2024-03-08T15:02:48.698000Z,2024-03-08T15:11:26.841000Z,,2024-03-08T15:11:44.000790Z,519,C21PHUAV,154,Undergraduate degree (BA/BSc/other),35,Female,White,United Kingdom,United Kingdom,United Kingdom,English,Yes,Part-Time
65eb2896b139d0170b6532a1,6171703c0a300c490c2a7b7b,AWAITING REVIEW,Not Applicable,2024-03-08T15:04:56.149000Z,2024-03-08T15:15:02.618000Z,,2024-03-08T15:15:38.827844Z,607,C21PHUAV,318,Graduate degree (MA/MSc/MPhil/other),30,Female,Asian,Thailand,United Kingdom,Thailand,Thai,No,Full-Time
65eb289de7f61aca518c6845,5ecdc84717133114f6fc26aa,AWAITING REVIEW,Not Applicable,2024-03-08T15:02:56.374000Z,2024-03-08T15:18:00.751000Z,,2024-03-08T15:18:01.356731Z,905,C21PHUAV,217,Undergraduate degree (BA/BSc/other),36,Male,White,United Kingdom,United Kingdom,United Kingdom,English,No,Full-Time
65eb289e8391c6763f15079b,58713c5e58ca4c00018ce3ea,AWAITING REVIEW,Not Applicable,2024-03-08T15:02:54.090000Z,2024-03-08T15:12:28.513000Z,,2024-03-08T15:14:37.584942Z,575,C21PHUAV,3670,Undergraduate degree (BA/BSc/other),55,Female,White,United Kingdom,United Kingdom,United Kingdom,English,No,DATA_EXPIRED
65eb28a24df22a4f0831a4be,5a1ad0b80fff620001a6d7ac,AWAITING REVIEW,Not Applicable,2024-03-08T15:03:04.098000Z,2024-03-08T15:10:31.758000Z,,2024-03-08T15:10:32.390556Z,448,C21PHUAV,1974,Doctorate degree (PhD/other),48,Female,White,United Kingdom,United Kingdom,United Kingdom,English,No,Full-Time
65eb28a9e7f61aca518c684f,5964ee31b752840001ca4ba4,AWAITING REVIEW,Not Applicable,2024-03-08T15:03:08.942000Z,2024-03-08T15:10:57.320000Z,,2024-03-08T15:11:21.480909Z,469,C21PHUAV,3623,Graduate degree (MA/MSc/MPhil/other),54,Female,White,United Kingdom,United Kingdom,United Kingdom,English,No,Full-Time
65eb28ab45f27ff2527fa894,65ae4eaa15de67d9e1608345,AWAITING REVIEW,Not Applicable,2024-03-08T15:05:40.168000Z,2024-03-08T15:11:27.099000Z,,2024-03-08T15:11:44.116423Z,347,C21PHUAV,45,Graduate degree (MA/MSc/MPhil/other),29,Female,White,Ireland,Australia,Ireland,English,Yes,Full-Time
65eb28b2f4962643ddb7dc6c,60ce179aa6f645eb5543c20e,AWAITING REVIEW,Not Applicable,2024-03-08T15:03:20.235000Z,2024-03-08T15:04:16.552000Z,,2024-03-08T15:04:17.025588Z,57,C21PHUAV,354,Undergraduate degree (BA/BSc/other),37,Female,White,United Kingdom,United Kingdom,United Kingdom,English,No,Full-Time
65eb28b71f55edd3d7eb4751,61475945e9378b929c8f37fc,AWAITING REVIEW,Not Applicable,2024-03-08T15:03:24.552000Z,2024-03-08T15:03:57.991000Z,,2024-03-08T15:03:58.690662Z,34,C21PHUAV,1177,Undergraduate degree (BA/BSc/other),43,Female,White,United Kingdom,United Kingdom,United Kingdom,English,No,Full-Time
65eb28b9f557996ec09f3122,6012d27152fa5e09eb6a29e0,AWAITING REVIEW,Not Applicable,2024-03-08T15:03:27.262000Z,2024-03-08T15:12:28.419000Z,,2024-03-08T15:14:37.236655Z,542,C21PHUAV,884,Undergraduate degree (BA/BSc/other),40,Female,White,United Kingdom,United Kingdom,United Kingdom,English,No,Full-Time
65eb28bea49cf4ebb0d64942,5e9c867fb46e2616553e8e4f,AWAITING REVIEW,Not Applicable,2024-03-08T15:03:34.970000Z,2024-03-08T15:06:08.568000Z,,2024-03-08T15:06:09.278378Z,154,C21PHUAV,252,Undergraduate degree (BA/BSc/other),29,Male,Other,Canada,Canada,Canada,English,No,Full-Time
65eb28c15cc8b96eaa8ffc8d,5fdaa8a67fa7c7779611d165,AWAITING REVIEW,Not Applicable,2024-03-08T15:03:46.164000Z,2024-03-08T15:16:06.034000Z,,2024-03-08T15:16:06.712075Z,740,C21PHUAV,640,Undergraduate degree (BA/BSc/other),29,Female,White,Czech Republic,United Kingdom,Czech Republic,Czech,No,Full-Time
65eb28c127f782646fc948be,5c4a5c2d4d1b1e0001779e60,AWAITING REVIEW,Not Applicable,2024-03-08T15:03:41.196000Z,2024-03-08T15:15:33.882000Z,,2024-03-08T15:15:50.988245Z,713,C21PHUAV,841,Undergraduate degree (BA/BSc/other),67,Female,White,United Kingdom,United Kingdom,United Kingdom,English,No,Part-Time
65eb28cdd03d5d3e2d06e6ea,65181f0aa387dc51a969db6b,AWAITING REVIEW,Not Applicable,2024-03-08T15:03:51.408000Z,2024-03-08T15:10:31.315000Z,,2024-03-08T15:10:31.883316Z,400,C21PHUAV,161,Undergraduate degree (BA/BSc/other),60,Male,White,Canada,Canada,Canada,English,No,Full-Time
65eb28d2393683b89f0b673b,626a4c6b8d3ce0d9edcbfeab,AWAITING REVIEW,Not Applicable,2024-03-08T15:05:35.447000Z,2024-03-08T15:19:52.347000Z,,2024-03-08T15:19:52.855590Z,857,C21PHUAV,1586,Undergraduate degree (BA/BSc/other),30,Male,Other,United Kingdom,United Kingdom,United Kingdom,English,No,Full-Time
65eb28d5e7f61aca518c6862,5fb9becbb981f78f5c3ea5ed,AWAITING REVIEW,Not Applicable,2024-03-08T15:04:19.975000Z,2024-03-08T15:13:07.572000Z,,2024-03-08T15:15:06.560602Z,528,C21PHUAV,886,Undergraduate degree (BA/BSc/other),49,Male,White,United Kingdom,United Kingdom,United Kingdom,English,No,Full-Time
65eb28d6454c42b2005a125d,5ea81c884920c72209a75fe1,AWAITING REVIEW,Not Applicable,2024-03-08T15:08:14.453000Z,2024-03-08T15:09:25.044000Z,,2024-03-08T15:09:25.527419Z,71,C21PHUAV,1104,Undergraduate degree (BA/BSc/other),30,Male,White,United Kingdom,United Kingdom,United Kingdom,English,DATA_EXPIRED,DATA_EXPIRED
65eb28d7f9a537da84856961,65e08ec9bc7091341c78ded8,AWAITING REVIEW,Not Applicable,2024-03-08T15:04:26.718000Z,2024-03-08T15:05:34.652000Z,,2024-03-08T15:05:35.156815Z,68,C21PHUAV,9,Graduate degree (MA/MSc/MPhil/other),29,Female,White,Turkey,United Kingdom,Turkey,Turkish,No,Unemployed (and job seeking)
65eb28db141a28f12029b4d3,5a4cc0ecac413f0001e60aa3,AWAITING REVIEW,Not Applicable,2024-03-08T15:04:02.632000Z,2024-03-08T15:11:24.709000Z,,2024-03-08T15:11:41.611229Z,443,C21PHUAV,235,Graduate degree (MA/MSc/MPhil/other),38,Female,Mixed,United Kingdom,United Kingdom,United Kingdom,English,No,Full-Time
65eb28dcf4f6f323d482a63c,61087501fcd2e262d8a6621a,AWAITING REVIEW,Not Applicable,2024-03-08T15:04:00.711000Z,2024-03-08T15:12:41.357000Z,,2024-03-08T15:14:53.889386Z,521,C21PHUAV,555,Undergraduate degree (BA/BSc/other),22,Female,White,United States,United States,United States,English,Yes,DATA_EXPIRED
65eb28df6bc57316021fa3c9,61115cb06d209a61332f25d1,AWAITING REVIEW,Not Applicable,2024-03-08T15:08:11.660000Z,2024-03-08T15:32:55.902000Z,,2024-03-08T15:32:56.552855Z,1485,C21PHUAV,908,Undergraduate degree (BA/BSc/other),44,Male,Asian,Hong Kong,Canada,Canada,English,Yes,Full-Time
65eb28dff557996ec09f3133,5b4f382f37f7a4000131a581,AWAITING REVIEW,Not Applicable,2024-03-08T15:04:10.934000Z,2024-03-08T15:13:55.680000Z,,2024-03-08T15:15:25.958488Z,585,C21PHUAV,583,Graduate degree (MA/MSc/MPhil/other),46,Female,White,United Kingdom,United Kingdom,United Kingdom,English,No,Full-Time
65eb28e2a21d0d581ffe106e,5ff437d9d42dc5a68df6c286,AWAITING REVIEW,Not Applicable,2024-03-08T15:04:08.667000Z,2024-03-08T15:07:37.796000Z,,2024-03-08T15:07:39.298086Z,210,C21PHUAV,1275,Undergraduate degree (BA/BSc/other),46,Male,White,United Kingdom,United Kingdom,United Kingdom,English,No,Full-Time
65eb28e56bc57316021fa3dc,6071d225a6bc9a77e71d801a,AWAITING REVIEW,Not Applicable,2024-03-08T15:04:09.400000Z,2024-03-08T15:29:54.158000Z,,2024-03-08T15:30:03.388559Z,1545,C21PHUAV,346,Doctorate degree (PhD/other),46,Male,Other,Kuwait,United Kingdom,United Kingdom,Arabic,No,Full-Time
65eb28ea7132c44e17689df2,5744bbe15e549100063b08cb,AWAITING REVIEW,Not Applicable,2024-03-08T15:04:14.859000Z,2024-03-08T15:17:45.053000Z,,2024-03-08T15:17:45.627227Z,811,C21PHUAV,1434,Graduate degree (MA/MSc/MPhil/other),33,Female,White,United Kingdom,United Kingdom,United Kingdom,English,DATA_EXPIRED,DATA_EXPIRED
65eb28ed96d3701edc35ad1a,5e31e1632878161c9923f90e,AWAITING REVIEW,Not Applicable,2024-03-08T15:04:25.956000Z,2024-03-08T15:15:33.066000Z,,2024-03-08T15:15:50.755007Z,668,C21PHUAV,372,Doctorate degree (PhD/other),77,Male,White,United Kingdom,United Kingdom,United Kingdom,English,No,"Not in paid work (e.g. homemaker', 'retired or disabled)"
65eb28f5a398e76ffe7f5d43,641438ad8ac1c62d7ebe9b7e,AWAITING REVIEW,Not Applicable,2024-03-08T15:04:25.539000Z,2024-03-08T15:05:48.190000Z,,2024-03-08T15:05:48.689199Z,83,C21PHUAV,33,Graduate degree (MA/MSc/MPhil/other),41,Female,Asian,United Kingdom,United Kingdom,United Kingdom,English,DATA_EXPIRED,DATA_EXPIRED
65eb28f54df22a4f0831a4d0,5c7c6a0e28933500015ec7da,AWAITING REVIEW,Not Applicable,2024-03-08T15:05:50.472000Z,2024-03-08T15:10:08.618000Z,,2024-03-08T15:10:09.257731Z,259,C21PHUAV,345,Graduate degree (MA/MSc/MPhil/other),28,Female,White,United Kingdom,United Kingdom,United Kingdom,English,DATA_EXPIRED,DATA_EXPIRED
65eb28f87c979c516995aeee,63d256a2e69c3a1ede98e0fc,AWAITING REVIEW,Not Applicable,2024-03-08T15:05:47.741000Z,2024-03-08T15:17:40.151000Z,,2024-03-08T15:17:40.648716Z,713,C21PHUAV,665,Doctorate degree (PhD/other),38,Male,White,United Kingdom,United Kingdom,United Kingdom,English,No,"Not in paid work (e.g. homemaker', 'retired or disabled)"
65eb28fcd601bbd3d2f83429,63f8b081b083f1e1014cb21a,AWAITING REVIEW,Not Applicable,2024-03-08T15:04:35.347000Z,2024-03-08T15:06:59.141000Z,,2024-03-08T15:06:59.940734Z,144,C21PHUAV,442,Undergraduate degree (BA/BSc/other),32,Male,Asian,Afghanistan,United Kingdom,United Kingdom,Urdu,No,Full-Time
65eb28ff11a25e4a97951269,5d4c217a97d8a600013b46cf,AWAITING REVIEW,Not Applicable,2024-03-08T15:04:36.466000Z,2024-03-08T15:12:18.827000Z,,2024-03-08T15:14:19.631367Z,463,C21PHUAV,2210,Undergraduate degree (BA/BSc/other),43,Male,White,United Kingdom,United Kingdom,United Kingdom,English,No,Full-Time
65eb2901cdfabf70006de39c,6567bb30f2b91aefa2714651,AWAITING REVIEW,Not Applicable,2024-03-08T15:04:48.714000Z,2024-03-08T15:13:30.810000Z,,2024-03-08T15:15:18.971420Z,523,C21PHUAV,12,Undergraduate degree (BA/BSc/other),37,Male,White,Canada,Canada,Canada,English,No,Full-Time
65eb2914a7ccec4364ab675b,5fef3d23f0b5edd6fabe8e64,AWAITING REVIEW,Not Applicable,2024-03-08T15:04:56.430000Z,2024-03-08T15:09:32.552000Z,,2024-03-08T15:09:33.072449Z,277,C21PHUAV,918,Graduate degree (MA/MSc/MPhil/other),42,Female,White,United Kingdom,United Kingdom,United Kingdom,English,DATA_EXPIRED,DATA_EXPIRED
65eb2918f4f6f323d482a64d,65ae8444c7df9852ffacda7d,AWAITING REVIEW,Not Applicable,2024-03-08T15:05:47.726000Z,2024-03-08T15:32:10.373000Z,,2024-03-08T15:32:11.031766Z,1583,C21PHUAV,78,Graduate degree (MA/MSc/MPhil/other),28,Female,White,Ukraine,Canada,Ukraine,Ukrainian,No,Full-Time
65eb29197cf136c84079845e,5e3842b92fdfd2000fc286a4,AWAITING REVIEW,Not Applicable,2024-03-08T15:05:26.918000Z,2024-03-08T15:26:37.837000Z,,2024-03-08T15:27:50.507479Z,1271,C21PHUAV,1703,Undergraduate degree (BA/BSc/other),34,Female,White,Australia,Australia,Australia,English,No,Part-Time
65eb291cfc33f84a4bda95f7,6428b84211dcbd13d44f2d9c,AWAITING REVIEW,Not Applicable,2024-03-08T15:13:02.040000Z,2024-03-08T15:18:43.676000Z,,2024-03-08T15:18:44.864062Z,342,C21PHUAV,426,Undergraduate degree (BA/BSc/other),29,Female,White,Australia,Ireland,Australia,English,No,Full-Time
65eb292de92560dede7fa899,59e7c8eabbb1380001621d28,AWAITING REVIEW,Not Applicable,2024-03-08T15:05:20.849000Z,2024-03-08T15:06:03.673000Z,,2024-03-08T15:06:04.233646Z,43,C21PHUAV,1096,Graduate degree (MA/MSc/MPhil/other),43,Female,Black,United Kingdom,United Kingdom,United Kingdom,English,No,Full-Time
65eb2930c4d54d368d2ec891,5f5bb8b30093333399d6e01f,AWAITING REVIEW,Not Applicable,2024-03-08T15:05:20.438000Z,2024-03-08T15:15:24.166000Z,,2024-03-08T15:15:48.005498Z,604,C21PHUAV,187,Graduate degree (MA/MSc/MPhil/other),27,Female,White,Canada,Canada,Canada,French,Yes,Other
65eb29319a2b3ae0a65db697,575d94abef120200067e5e5a,AWAITING REVIEW,Not Applicable,2024-03-08T15:05:25.343000Z,2024-03-08T15:09:18.864000Z,,2024-03-08T15:09:19.331501Z,234,C21PHUAV,1325,Undergraduate degree (BA/BSc/other),51,Female,White,United Kingdom,United Kingdom,United Kingdom,English,No,Full-Time
65eb2932a49cf4ebb0d64961,5ebfe848f57bb9036deebc17,AWAITING REVIEW,Not Applicable,2024-03-08T15:05:55.048000Z,2024-03-08T15:07:10.093000Z,,2024-03-08T15:07:10.596202Z,76,C21PHUAV,731,Undergraduate degree (BA/BSc/other),60,Female,White,Canada,Canada,Canada,English,No,Part-Time
65eb293669d580d8564ca14d,65200a72f1a52c349880c7fc,AWAITING REVIEW,Not Applicable,2024-03-08T15:08:43.706000Z,2024-03-08T15:12:43.175000Z,,2024-03-08T15:14:55.043255Z,240,C21PHUAV,96,Undergraduate degree (BA/BSc/other),23,Male,White,United Kingdom,Australia,Australia,English,Yes,Full-Time
65eb2937719bcd3081dc3d46,57a78015454e5400015f57ec,AWAITING REVIEW,Not Applicable,2024-03-08T15:05:31.258000Z,2024-03-08T15:10:29.681000Z,,2024-03-08T15:10:30.226164Z,299,C21PHUAV,1905,Graduate degree (MA/MSc/MPhil/other),57,Male,White,Ireland,United Kingdom,United Kingdom,English,No,Full-Time
65eb293c61ce9003d455b6bd,5f919274b5383b00096b0295,AWAITING REVIEW,Not Applicable,2024-03-08T15:05:35.529000Z,2024-03-08T15:06:24.535000Z,,2024-03-08T15:06:25.102209Z,50,C21PHUAV,1731,Doctorate degree (PhD/other),31,Female,White,Turkey,United Kingdom,Turkey,Turkish,No,Full-Time
65eb293e6bc57316021fa3f5,62b35d7693a267af341a1822,AWAITING REVIEW,Not Applicable,2024-03-08T15:05:41.182000Z,2024-03-08T15:10:14.065000Z,,2024-03-08T15:10:14.636038Z,273,C21PHUAV,1109,Undergraduate degree (BA/BSc/other),47,Male,White,United Kingdom,United Kingdom,United Kingdom,English,No,Full-Time
65eb293fce0213b0800dfb10,610306546b1956445387be5f,AWAITING REVIEW,Not Applicable,2024-03-08T15:05:54.935000Z,2024-03-08T15:09:31.111000Z,,2024-03-08T15:09:31.923243Z,217,C21PHUAV,707,Undergraduate degree (BA/BSc/other),22,Female,White,Canada,Canada,Canada,English,Yes,Full-Time
65eb2942afdfb6a8c07d6be4,5a09f01f9b760100013a70ee,AWAITING REVIEW,Not Applicable,2024-03-08T15:05:41.867000Z,2024-03-08T15:06:13.211000Z,,2024-03-08T15:06:13.745987Z,32,C21PHUAV,451,Graduate degree (MA/MSc/MPhil/other),41,Female,White,United Kingdom,United Kingdom,United Kingdom,English,No,DATA_EXPIRED
65eb2943ffd9291dbe42be90,5ca211909ca7f60001258121,AWAITING REVIEW,Not Applicable,2024-03-08T15:05:45.620000Z,2024-03-08T15:11:36.384000Z,,2024-03-08T15:11:51.854383Z,351,C21PHUAV,224,Undergraduate degree (BA/BSc/other),37,Female,White,United Kingdom,United Kingdom,United Kingdom,English,No,Full-Time
65eb294492818d06d13b396e,653bb54e9224191c7b7741c6,AWAITING REVIEW,Not Applicable,2024-03-08T15:05:40.268000Z,2024-03-08T15:17:00.687000Z,,2024-03-08T15:17:03.590026Z,681,C21PHUAV,247,Graduate degree (MA/MSc/MPhil/other),38,Female,White,United Kingdom,United Kingdom,United Kingdom,English,No,Other
65eb2948141a28f12029b4f3,636a740f2956031d8abf5bf1,AWAITING REVIEW,Not Applicable,2024-03-08T15:05:52.440000Z,2024-03-08T15:28:41.968000Z,,2024-03-08T15:29:41.305345Z,1370,C21PHUAV,526,Undergraduate degree (BA/BSc/other),53,Female,White,United Kingdom,United Kingdom,United Kingdom,English,No,Full-Time
65eb295105812e2727637eb4,5c5b66cb3312f1000112f694,AWAITING REVIEW,Not Applicable,2024-03-08T15:05:56.026000Z,2024-03-08T15:12:50.824000Z,,2024-03-08T15:14:59.119164Z,415,C21PHUAV,2051,Undergraduate degree (BA/BSc/other),33,Male,White,United Kingdom,United Kingdom,United Kingdom,English,No,Full-Time
65eb29521e65702e0bcd88ad,5a0323d1c259f30001765337,AWAITING REVIEW,Not Applicable,2024-03-08T15:06:20.682000Z,2024-03-08T15:18:29.045000Z,,2024-03-08T15:18:29.477241Z,729,C21PHUAV,1883,Undergraduate degree (BA/BSc/other),40,Male,Asian,United Kingdom,United Kingdom,United Kingdom,English,No,Full-Time
65eb2954454c42b2005a1290,5b57640fd574e30001c7124f,AWAITING REVIEW,Not Applicable,2024-03-08T15:06:47.196000Z,2024-03-08T15:15:46.761000Z,,2024-03-08T15:15:53.010960Z,540,C21PHUAV,604,Graduate degree (MA/MSc/MPhil/other),29,Female,Mixed,Hong Kong,United Kingdom,United Kingdom,English,Yes,Other
65eb2958343a624ae4637fc0,62d59b380be0866cf039e0ee,AWAITING REVIEW,Not Applicable,2024-03-08T15:06:04.790000Z,2024-03-08T15:13:26.957000Z,,2024-03-08T15:15:16.916767Z,443,C21PHUAV,1042,Undergraduate degree (BA/BSc/other),42,Male,White,United Kingdom,United Kingdom,United Kingdom,English,No,Full-Time
65eb295a2880512814653294,5dd012a97b6a661093d36b8e,AWAITING REVIEW,Not Applicable,2024-03-08T15:06:05.066000Z,2024-03-08T15:13:01.354000Z,,2024-03-08T15:15:03.597125Z,417,C21PHUAV,1249,Undergraduate degree (BA/BSc/other),26,Male,Mixed,United Kingdom,United Kingdom,United Kingdom,English,No,Full-Time
65eb295cf4f6f323d482a669,5ed39d114858d002a0691781,AWAITING REVIEW,Not Applicable,2024-03-08T15:08:03.433000Z,2024-03-08T15:17:18.554000Z,,2024-03-08T15:17:19.012695Z,556,C21PHUAV,1514,Graduate degree (MA/MSc/MPhil/other),39,Female,White,United Kingdom,United Kingdom,United Kingdom,English,No,Part-Time
65eb295c6bc57316021fa400,63d1590f1a0901cc2e861c32,AWAITING REVIEW,Not Applicable,2024-03-08T15:06:10.579000Z,2024-03-08T15:18:17.350000Z,,2024-03-08T15:18:18.064771Z,727,C21PHUAV,573,Undergraduate degree (BA/BSc/other),33,Male,White,United Kingdom,United Kingdom,United Kingdom,English,No,Full-Time
65eb295e7c979c516995af0b,647fba9dea93dc02a681c63b,AWAITING REVIEW,Not Applicable,2024-03-08T15:06:13.233000Z,2024-03-08T15:08:04.490000Z,,2024-03-08T15:08:05.043633Z,112,C21PHUAV,69,Undergraduate degree (BA/BSc/other),26,Male,White,Canada,Canada,Canada,English,No,Full-Time
65eb297fe1893c264829b493,60794cf6640dbc4d3662ef07,AWAITING REVIEW,Not Applicable,2024-03-08T15:06:44.640000Z,2024-03-08T15:20:32.913000Z,,2024-03-08T15:20:33.450981Z,829,C21PHUAV,1706,Undergraduate degree (BA/BSc/other),40,Male,White,United Kingdom,United Kingdom,United Kingdom,English,No,Full-Time
65eb2a1a6a03f0b177f8335a,6453fb95457f02f578692e7a,AWAITING REVIEW,Not Applicable,2024-03-08T15:09:30.400000Z,2024-03-08T15:21:25.515000Z,,2024-03-08T15:21:25.907274Z,716,C21PHUAV,424,Undergraduate degree (BA/BSc/other),59,Male,White,United States,United Kingdom,United States,English,No,Full-Time
65eb2a46a49cf4ebb0d649c1,5f691e3b76e2ce104196dec7,AWAITING REVIEW,Not Applicable,2024-03-08T15:10:02.328000Z,2024-03-08T15:11:51.852000Z,,2024-03-08T15:13:04.017306Z,110,C21PHUAV,857,Graduate degree (MA/MSc/MPhil/other),35,Female,Black,United Kingdom,United Kingdom,United Kingdom,English,No,Full-Time
65eb2a50b67e8aad2ad6490f,62a3b97d41ae082b602e815b,AWAITING REVIEW,Not Applicable,2024-03-08T15:10:11.003000Z,2024-03-08T15:11:09.984000Z,,2024-03-08T15:11:29.895827Z,59,C21PHUAV,1153,Undergraduate degree (BA/BSc/other),31,Male,White,United Kingdom,United Kingdom,United Kingdom,English,No,Full-Time
65eb2af327f782646fc94952,5b86e638911057000112a4c0,AWAITING REVIEW,Not Applicable,2024-03-08T15:13:09.657000Z,2024-03-08T15:39:15.290000Z,,2024-03-08T15:41:22.126215Z,1566,C21PHUAV,1234,Undergraduate degree (BA/BSc/other),42,Female,White,Latvia,United Kingdom,United Kingdom,Latvian,No,Full-Time
65eb2f0fa7ccec4364ab699e,604ce78146f1e005b68e1bd7,AWAITING REVIEW,Not Applicable,2024-03-08T15:30:27.256000Z,2024-03-08T15:37:28.974000Z,,2024-03-08T15:38:53.646909Z,422,C21PHUAV,135,Undergraduate degree (BA/BSc/other),39,Female,White,Ireland,Ireland,Ireland,English,No,Part-Time
65eb328a467dc4aff25d128d,5f0f6811a0ed4a11dbc57b79,AWAITING REVIEW,Not Applicable,2024-03-08T15:45:14.218000Z,2024-03-08T15:45:51.556000Z,,2024-03-08T15:45:52.173872Z,38,C21PHUAV,1252,Graduate degree (MA/MSc/MPhil/other),45,Male,Asian,United Kingdom,United Kingdom,United Kingdom,English,No,Full-Time
65eb328ca3c798fca5c93176,65981612de5b88bdf200ebf4,AWAITING REVIEW,Not Applicable,2024-03-08T15:45:18.969000Z,2024-03-08T15:50:21.138000Z,,2024-03-08T15:50:21.629219Z,303,C21PHUAV,164,Graduate degree (MA/MSc/MPhil/other),30,Female,White,United Kingdom,United Kingdom,United Kingdom,English,No,Full-Time
65eb328def6874dcb088ca94,644016d98e4c23d7fa37632e,AWAITING REVIEW,Not Applicable,2024-03-08T15:45:48.219000Z,2024-03-08T15:51:34.796000Z,,2024-03-08T16:57:31.271656Z,347,C21PHUAV,328,Graduate degree (MA/MSc/MPhil/other),45,Male,White,United Kingdom,United Kingdom,United Kingdom,English,DATA_EXPIRED,DATA_EXPIRED
65eb328d085b8bfaa365464e,60370f61a9417ca17becbb91,AWAITING REVIEW,Not Applicable,2024-03-08T15:45:26.078000Z,2024-03-08T15:48:43.970000Z,,2024-03-08T15:48:44.444798Z,198,C21PHUAV,144,Graduate degree (MA/MSc/MPhil/other),23,Female,Asian,Ireland,Ireland,Ireland,English,No,Full-Time
65eb360ed55abbe87ac7301e,656c97dad85d1ebbb4fa93f3,AWAITING REVIEW,Not Applicable,2024-03-08T16:00:24.231000Z,2024-03-08T16:09:26.878000Z,,2024-03-08T16:09:27.578099Z,543,C21PHUAV,249,Graduate degree (MA/MSc/MPhil/other),30,Male,White,United Kingdom,United Kingdom,United Kingdom,English,No,Full-Time
65eb37c434aee43d9cfed340,5c3a4daa6c4e3d0001b89af8,AWAITING REVIEW,Not Applicable,2024-03-08T16:07:41.057000Z,2024-03-08T16:18:14.598000Z,,2024-03-08T17:22:05.590092Z,634,C21PHUAV,525,Doctorate degree (PhD/other),33,Female,White,Italy,United Kingdom,Italy,Italian,No,Full-Time
